{
    "name": "root",
    "gauges": {
        "AgentML.Policy.Entropy.mean": {
            "value": 0.4981035590171814,
            "min": 0.4981035590171814,
            "max": 0.565676212310791,
            "count": 15
        },
        "AgentML.Policy.Entropy.sum": {
            "value": 5007.93310546875,
            "min": 3911.085205078125,
            "max": 5636.1240234375,
            "count": 15
        },
        "AgentML.Environment.EpisodeLength.mean": {
            "value": 49.77777777777778,
            "min": 29.90092879256966,
            "max": 66.51006711409396,
            "count": 15
        },
        "AgentML.Environment.EpisodeLength.sum": {
            "value": 9856.0,
            "min": 6775.0,
            "max": 9910.0,
            "count": 15
        },
        "AgentML.Step.mean": {
            "value": 1149996.0,
            "min": 1009995.0,
            "max": 1149996.0,
            "count": 15
        },
        "AgentML.Step.sum": {
            "value": 1149996.0,
            "min": 1009995.0,
            "max": 1149996.0,
            "count": 15
        },
        "AgentML.Policy.ExtrinsicValueEstimate.mean": {
            "value": 7.281389236450195,
            "min": 4.465021133422852,
            "max": 9.53995132446289,
            "count": 15
        },
        "AgentML.Policy.ExtrinsicValueEstimate.sum": {
            "value": 1805.7845458984375,
            "min": 803.7037963867188,
            "max": 2966.9248046875,
            "count": 15
        },
        "AgentML.Environment.CumulativeReward.mean": {
            "value": 34.81818181818182,
            "min": 21.272445820433436,
            "max": 38.785234899328856,
            "count": 15
        },
        "AgentML.Environment.CumulativeReward.sum": {
            "value": 6894.0,
            "min": 4441.0,
            "max": 7260.0,
            "count": 15
        },
        "AgentML.Policy.ExtrinsicReward.mean": {
            "value": 34.81818181818182,
            "min": 21.272445820433436,
            "max": 38.785234899328856,
            "count": 15
        },
        "AgentML.Policy.ExtrinsicReward.sum": {
            "value": 6894.0,
            "min": 4441.0,
            "max": 7260.0,
            "count": 15
        },
        "AgentML.Losses.PolicyLoss.mean": {
            "value": 0.09620902340126727,
            "min": 0.09600253761467079,
            "max": 0.10833380665858386,
            "count": 15
        },
        "AgentML.Losses.PolicyLoss.sum": {
            "value": 0.3848360936050691,
            "min": 0.29904447006113816,
            "max": 0.5416690332929193,
            "count": 15
        },
        "AgentML.Losses.ValueLoss.mean": {
            "value": 37.85930372774601,
            "min": 32.86672226587932,
            "max": 50.30616399314669,
            "count": 15
        },
        "AgentML.Losses.ValueLoss.sum": {
            "value": 151.43721491098404,
            "min": 150.91849197944006,
            "max": 245.4322159687678,
            "count": 15
        },
        "AgentML.Policy.LearningRate.mean": {
            "value": 0.0003,
            "min": 0.0003,
            "max": 0.0003,
            "count": 15
        },
        "AgentML.Policy.LearningRate.sum": {
            "value": 0.0012,
            "min": 0.0009,
            "max": 0.0014999999999999998,
            "count": 15
        },
        "AgentML.Policy.Epsilon.mean": {
            "value": 0.19999999999999998,
            "min": 0.19999999999999998,
            "max": 0.19999999999999998,
            "count": 15
        },
        "AgentML.Policy.Epsilon.sum": {
            "value": 0.7999999999999999,
            "min": 0.6,
            "max": 0.9999999999999999,
            "count": 15
        },
        "AgentML.Policy.Beta.mean": {
            "value": 0.004999999999999999,
            "min": 0.004999999999999999,
            "max": 0.004999999999999999,
            "count": 15
        },
        "AgentML.Policy.Beta.sum": {
            "value": 0.019999999999999997,
            "min": 0.014999999999999998,
            "max": 0.024999999999999994,
            "count": 15
        },
        "AgentML.IsTraining.mean": {
            "value": 1.0,
            "min": 1.0,
            "max": 1.0,
            "count": 15
        },
        "AgentML.IsTraining.sum": {
            "value": 1.0,
            "min": 1.0,
            "max": 1.0,
            "count": 15
        }
    },
    "metadata": {
        "timer_format_version": "0.1.0",
        "start_time_seconds": "1716463550",
        "python_version": "3.9.19 (main, Mar 21 2024, 17:21:27) [MSC v.1916 64 bit (AMD64)]",
        "command_line_arguments": "C:\\Users\\mauro\\anaconda3\\envs\\vr2\\Scripts\\mlagents-learn config/AgentML.yaml --run-id=AgentML_track --resume",
        "mlagents_version": "0.30.0",
        "mlagents_envs_version": "0.30.0",
        "communication_protocol_version": "1.5.0",
        "pytorch_version": "1.7.1+cu110",
        "numpy_version": "1.21.2",
        "end_time_seconds": "1716465647"
    },
    "total": 2096.9984201999996,
    "count": 1,
    "self": 0.0076991999994788785,
    "children": {
        "run_training.setup": {
            "total": 0.0875435,
            "count": 1,
            "self": 0.0875435
        },
        "TrainerController.start_learning": {
            "total": 2096.9031775000003,
            "count": 1,
            "self": 3.7289723999556372,
            "children": {
                "TrainerController._reset_env": {
                    "total": 13.991427300000002,
                    "count": 1,
                    "self": 13.991427300000002
                },
                "TrainerController.advance": {
                    "total": 2078.962688800045,
                    "count": 152699,
                    "self": 3.616082800021559,
                    "children": {
                        "env_step": {
                            "total": 1944.643786899983,
                            "count": 152699,
                            "self": 1344.6625457999407,
                            "children": {
                                "SubprocessEnvManager._take_step": {
                                    "total": 597.6258848999624,
                                    "count": 152699,
                                    "self": 11.13423309997222,
                                    "children": {
                                        "TorchPolicy.evaluate": {
                                            "total": 586.4916517999902,
                                            "count": 149806,
                                            "self": 586.4916517999902
                                        }
                                    }
                                },
                                "workers": {
                                    "total": 2.3553562000798607,
                                    "count": 152698,
                                    "self": 0.0,
                                    "children": {
                                        "worker_root": {
                                            "total": 2017.2588922000032,
                                            "count": 152698,
                                            "is_parallel": true,
                                            "self": 894.6050572999588,
                                            "children": {
                                                "steps_from_proto": {
                                                    "total": 0.0004280999999988211,
                                                    "count": 1,
                                                    "is_parallel": true,
                                                    "self": 0.000204399999997662,